no,category,filename,width,height
1,01_actions,01_basic.png,268,345
2,01_actions,02_magnifying_glass.png,295,345
3,01_actions,03_wave.png,266,345
4,01_actions,04_laptop.png,252,340
5,01_actions,05_presentation.png,344,339
6,02_actions,06_binoculars.png,258,267
7,02_actions,07_backpack.png,240,267
8,02_actions,08_shopping_cart.png,241,267
9,02_actions,09_idea.png,218,267
10,02_actions,10_love.png,214,267
11,02_actions,11_sleeping.png,235,250
12,03_expressions,12_face_basic.png,176,171
13,03_expressions,13_face_wink.png,168,171
14,03_expressions,14_face_surprised.png,189,171
15,03_expressions,15_face_angry.png,170,171
16,03_expressions,16_face_happy.png,182,171
17,03_expressions,17_face_crying.png,180,171
18,03_expressions,18_face_sad.png,163,171
19,03_expressions,19_face_sleepy.png,184,170
20,04_turnaround,20_turnaround_front.png,150,181
21,04_turnaround,21_turnaround_three_quarter.png,161,181
22,04_turnaround,22_turnaround_side.png,140,181
23,04_turnaround,23_turnaround_back_left.png,152,181
24,04_turnaround,24_turnaround_back.png,145,181
25,04_turnaround,25_turnaround_side_right.png,110,181
26,04_turnaround,26_turnaround_front_small.png,132,181
27,04_turnaround,27_turnaround_back_right.png,128,181
28,04_turnaround,28_crouching_front.png,185,154
